{
    "eeew|East": -21.237831862956718,
    "eeew|South": -80.04272750158614,
    "eeew|Stop": -83.19807983726209,
    "eeew|West": -87.72788379065938,
    "eefw|East": -115.38900848175645,
    "eefw|South": -102.80193120039802,
    "eefw|Stop": -91.17705065426388,
    "eefw|West": -36.11844307380255,
    "eegw|East": -91.46346676519008,
    "eegw|South": -498.93293413419036,
    "eegw|Stop": -335.2903675867627,
    "eegw|West": -14.58794729466621,
    "eewe|East": -118.3332356259065,
    "eewe|North": -144.3271683426537,
    "eewe|Stop": -72.97060529843317,
    "eewe|West": -24.534436687062705,
    "eewf|East": -62.65540843549479,
    "eewf|North": 6.269481230104938,
    "eewf|Stop": -30.479370560398017,
    "eewf|West": -75.45126688171494,
    "eewg|East": -167.98095083777486,
    "eewg|North": -489.6621879380948,
    "eewg|Stop": -476.51454837647987,
    "eewg|West": -22.74184351804199,
    "eeww|East": -109.13971382635884,
    "eeww|Stop": -60.49679371121378,
    "eeww|West": -20.57717864590542,
    "efew|East": 15.25884860829175,
    "efew|South": -89.18308120021919,
    "efew|Stop": -60.620781892333795,
    "efew|West": -112.9365199536515,
    "effw|East": 16.544758193994163,
    "effw|South": -74.81506544910592,
    "effw|Stop": -59.82254493692997,
    "effw|West": -72.8069330756403,
    "efgw|East": -62.077145181510346,
    "efgw|South": -334.01311999999996,
    "efgw|Stop": -269.01469069131764,
    "efgw|West": -21.059247104488424,
    "efwe|East": 3.043405052963225,
    "efwe|North": -126.35429113514381,
    "efwe|Stop": -70.4007685925032,
    "efwe|West": -94.42054892838732,
    "efwf|East": -1.0342468218239596,
    "efwf|North": 12.506405602539484,
    "efwf|Stop": -0.9874126281269177,
    "efwf|West": -55.96392285445544,
    "efwg|East": -112.40328292740496,
    "efwg|North": -294.1904,
    "efwg|Stop": -371.4641872060323,
    "efwg|West": -24.481686111137247,
    "efww|East": 18.68672861309957,
    "efww|Stop": -88.26122608653263,
    "efww|West": -103.84185649849445,
    "egew|East": -410.74743491149627,
    "egew|South": -155.6585361218739,
    "egew|Stop": -458.93313823714914,
    "egew|West": -119.53316965664952,
    "egfw|East": -414.52671743999997,
    "egfw|South": -72.84612257810713,
    "egfw|Stop": -168.8308361681943,
    "egfw|West": -26.883019892233346,
    "eggw|East": -100.2,
    "eggw|South": 0,
    "eggw|Stop": 0,
    "eggw|West": 0,
    "egwe|East": -466.57154215526396,
    "egwe|North": -129.89654924987911,
    "egwe|Stop": -323.69224544182225,
    "egwe|West": -19.310275573121096,
    "egwf|East": -457.96442769408,
    "egwf|North": -3.093005954296913,
    "egwf|Stop": -463.5180460093986,
    "egwf|West": -109.14825207470537,
    "egwg|East": 0,
    "egwg|North": -100.2,
    "egwg|Stop": 0,
    "egwg|West": -2.843639969508622,
    "egww|East": -471.6360509025492,
    "egww|Stop": -495.84756344252435,
    "egww|West": -40.15865992673005,
    "ewee|North": -22.92918543989162,
    "ewee|South": -41.370373432869435,
    "ewee|Stop": -35.326251916719976,
    "ewee|West": -5.004654431045768,
    "ewef|North": 7.361042877067845,
    "ewef|South": -186.02172764873143,
    "ewef|Stop": -41.55160647260487,
    "ewef|West": -73.18853878961247,
    "eweg|North": -425.6238481805418,
    "eweg|South": -126.06167869158752,
    "eweg|Stop": -323.4448834694007,
    "eweg|West": -105.92347198537459,
    "ewew|South": -24.76284049166359,
    "ewew|Stop": -48.075864058188465,
    "ewew|West": -106.4886739075086,
    "ewfe|North": -161.5928570176047,
    "ewfe|South": -40.579001221890735,
    "ewfe|Stop": -85.16864451193636,
    "ewfe|West": -116.86826259645431,
    "ewff|North": -46.07776487051193,
    "ewff|South": -81.87356920826593,
    "ewff|Stop": -81.51881653922761,
    "ewff|West": -115.74081195795925,
    "ewfg|North": -394.4581248,
    "ewfg|South": -0.4755981059951164,
    "ewfg|Stop": -410.06648395517374,
    "ewfg|West": -121.20527636772186,
    "ewfw|South": 6.148609907779365,
    "ewfw|Stop": -75.08107097833145,
    "ewfw|West": -198.37609186341064,
    "ewge|North": -18.295496412953838,
    "ewge|South": -472.9962180363389,
    "ewge|Stop": -287.6220074277909,
    "ewge|West": -130.17641375330794,
    "ewgf|North": -3.000383838292782,
    "ewgf|South": -393.93268479999995,
    "ewgf|Stop": -336.543147362536,
    "ewgf|West": -90.43601896236302,
    "ewgg|North": 0,
    "ewgg|South": -100.2,
    "ewgg|Stop": 0,
    "ewgg|West": -1.4781227934788674,
    "ewgw|South": -499.11561642960584,
    "ewgw|Stop": -423.6313067302258,
    "ewgw|West": -19.637771478249785,
    "ewwe|North": -16.55531381054325,
    "ewwe|Stop": -57.02571678325733,
    "ewwe|West": -78.31261502283814,
    "ewwf|North": 6.329263187764403,
    "ewwf|Stop": -37.85802894227184,
    "ewwf|West": -74.08355141826786,
    "ewwg|North": -493.7798290773996,
    "ewwg|Stop": -499.78865632874613,
    "ewwg|West": -40.117918206557185,
    "ewww|Stop": -74.9228164240976,
    "ewww|West": -9.82232565332777,
    "feew|East": -128.83817650952864,
    "feew|South": -104.85501768917007,
    "feew|Stop": -79.94885720883276,
    "feew|West": 7.209741054196918,
    "fefw|East": -97.0363451083386,
    "fefw|South": -113.15850319914745,
    "fefw|Stop": -92.95956546065851,
    "fefw|West": 9.219004128813165,
    "fegw|East": -177.43190646824982,
    "fegw|South": -240.888,
    "fegw|Stop": -171.96389016321592,
    "fegw|West": -18.782248383972025,
    "fewe|East": -126.91102186225908,
    "fewe|North": -87.32371916289223,
    "fewe|Stop": -76.90432238375995,
    "fewe|West": -10.872731278607837,
    "fewf|East": -39.09089348561838,
    "fewf|North": -61.489679994685716,
    "fewf|Stop": -24.835503645327652,
    "fewf|West": 37.733992993859516,
    "fewg|East": -31.920053820247542,
    "fewg|North": -444.5659902976,
    "fewg|Stop": -354.66754006591765,
    "fewg|West": -75.17625909334626,
    "feww|East": -18.202849702267358,
    "feww|Stop": -41.43202471397705,
    "feww|West": 35.448684976512965,
    "ffew|East": -6.879626619236843,
    "ffew|South": -64.94933787667708,
    "ffew|Stop": -61.17407139398299,
    "ffew|West": -69.08238100272783,
    "ffgw|East": -51.197511163272644,
    "ffgw|South": -336.83232,
    "ffgw|Stop": -157.82656108708375,
    "ffgw|West": -4.697778970831932,
    "ffwe|East": 21.52678952828445,
    "ffwe|North": -86.22990062099436,
    "ffwe|Stop": -44.66045078986335,
    "ffwe|West": -61.43994059137184,
    "ffwg|East": -21.2407292736643,
    "ffwg|North": -100.2,
    "ffwg|Stop": -100.2,
    "ffwg|West": -12.64490301904025,
    "ffww|East": -1.9194272301861393,
    "ffww|Stop": 1.8850439989325514,
    "ffww|West": 35.981856088085024,
    "fgew|East": -394.58919679999997,
    "fgew|South": -22.01407350520148,
    "fgew|Stop": -222.224700946214,
    "fgew|West": -61.88938731450341,
    "fgfw|East": -478.96578697936894,
    "fgfw|South": -101.18239542800984,
    "fgfw|Stop": -399.9878152210796,
    "fgfw|West": -83.67895251752387,
    "fgwe|East": -466.57154215526396,
    "fgwe|North": -21.78282499972127,
    "fgwe|Stop": -271.3164822591766,
    "fgwe|West": -110.50363594101958,
    "fgwf|East": -416.94614784,
    "fgwf|North": -98.51884329672556,
    "fgwf|Stop": -198.71591167248692,
    "fgwf|West": 13.853350266810175,
    "fgwg|East": 0,
    "fgwg|North": 0,
    "fgwg|Stop": -100.2,
    "fgwg|West": 0,
    "fgww|East": -500.9998969502771,
    "fgww|Stop": -356.7973826036722,
    "fgww|West": -165.35778110030654,
    "fwee|North": -83.2248413640089,
    "fwee|South": -174.20509068853204,
    "fwee|Stop": -68.59347458505088,
    "fwee|West": -6.441718681981495,
    "fwef|North": 3.903878752745333,
    "fwef|South": -75.93683289165048,
    "fwef|Stop": -74.32421240439294,
    "fwef|West": -51.98482590946763,
    "fweg|North": -244.488,
    "fweg|South": -113.36321856145058,
    "fweg|Stop": -259.55197835566855,
    "fweg|West": 101.77573642432037,
    "fwew|South": -101.59774334747419,
    "fwew|Stop": -67.25574297095429,